low_threshold,high_threshold
179.46522394330700,254.84767275945500